hour,0,1
0,0.09056481481481482,0.1949576388888889
1,0.08306913580246914,0.1633409722222222
2,0.07796790123456791,0.14197569444444444
3,0.07440555555555556,0.1097875
4,0.07486851851851851,0.11174305555555555
5,0.09183765432098764,0.1491375
6,0.19331296296296296,0.23031597222222222
7,0.1828567901234568,0.21769444444444447
8,0.1662067901234568,0.2299359166666659
9,0.16580061728395062,0.25901741666666556
10,0.16455246913580246,0.2986623611111093
11,0.1602425925925926,0.33851583333333146
12,0.19610370370370372,0.41238736111110924
13,0.24147037037037034,0.40884866666666553
14,0.17695617283950618,0.3209745555555552
15,0.15581296296296296,0.2673433055555552
16,0.14351975308641973,0.27412594444444405
17,0.13973827160493826,0.2674224722222219
18,0.16588703703703703,0.2634856666666663
19,0.22526111111111113,0.31799469444444406
20,0.21989135802469137,0.43486319444444443
21,0.17526728395061728,0.36038333333333333
22,0.13640555555555556,0.26629375
23,0.10730987654320988,0.23813333333333334
total_mean_consumption,3.6093092592592595,6.277340583333323
