hour,0,1
0,0.11141935483870968,0.24101330645161226
1,0.09369175627240144,0.19511008064516067
2,0.08941577060931899,0.1742955645161284
3,0.07960931899641577,0.1412471774193542
4,0.08225089605734767,0.13893588709677399
5,0.07958422939068101,0.11781491935483851
6,0.09558422939068101,0.1928431451612901
7,0.1574014336917563,0.35525
8,0.17980286738351253,0.2789838709677419
9,0.18189605734767025,0.29336290322580644
10,0.18027240143369175,0.34754032258064516
11,0.2009641577060932,0.3420084677419353
12,0.1967383512544803,0.3804399193548385
13,0.24584229390681,0.5184157258064515
14,0.3175304659498208,0.4523838709677415
15,0.23459498207885307,0.36074677419354795
16,0.1915125448028674,0.3111383064516123
17,0.1848279569892473,0.34277096774193505
18,0.18386021505376346,0.343810887096774
19,0.21562365591397847,0.48662903225806453
20,0.30872043010752687,0.5190927419354838
21,0.22701433691756273,0.5060971774193547
22,0.15361648745519713,0.43207298387096754
23,0.13357347670250896,0.32134314516129014
total_mean_consumption,4.125347670250895,7.793347177419348
