hour,0,1
0,0.14608602150537633,0.22930286738351255
1,0.11201368523949169,0.2118467741935484
2,0.09840518084066473,0.16153853046594982
3,0.09131915933528836,0.14915949820788532
4,0.0883206256109482,0.10714068100358422
5,0.08431329423264908,0.10899462365591399
6,0.09207429130009775,0.19256810035842298
7,0.134905669599218,0.4398046594982079
8,0.17975953079178886,0.3372903225806452
9,0.2060136852394917,0.33604096774193454
10,0.21216764418377318,0.3473339784946227
11,0.20841739980449658,0.38476799283153973
12,0.230119257086999,0.4125464157706069
13,0.29678152492668625,0.4533128673835096
14,0.3248299120234604,0.4924132258064487
15,0.2421891495601173,0.41963749103942455
16,0.2221353861192571,0.33044956989247215
17,0.20670576735092866,0.3590983154121854
18,0.2289789833822092,0.40371121863799186
19,0.25858895405669596,0.47975749103942605
20,0.3037996089931574,0.5342016129032258
21,0.28539833822091887,0.5747204301075269
22,0.22553861192570868,0.474660394265233
23,0.18283870967741933,0.2826971326164875
total_mean_consumption,4.661700391006843,8.222995161290306
