hour,0,1
0,0.0925,0.16278666666666666
1,0.0864331797235023,0.1310225806451613
2,0.08374776785714286,0.1262953125
3,0.08404377880184333,0.11409677419354838
4,0.08564746543778802,0.10621612903225805
5,0.11103225806451612,0.12960645161290324
6,0.16803225806451613,0.2075177419354839
7,0.15756451612903224,0.2281741935483871
8,0.1498110599078341,0.2228421290322578
9,0.13866589861751152,0.24393245161290295
10,0.13635483870967743,0.2518939354838704
11,0.1403179723502304,0.30294070967741876
12,0.15957142857142856,0.39433425806451555
13,0.18853456221198156,0.41455522580645104
14,0.16360599078341015,0.34455522580645104
15,0.1382327188940092,0.28414554838709616
16,0.13349999999999998,0.2870310322580639
17,0.1297926267281106,0.27748064516129034
18,0.1501013824884793,0.2962
19,0.1842741935483871,0.37048387096774194
20,0.17034101382488478,0.4144241935483871
21,0.14840552995391706,0.36979838709677415
22,0.1388778801843318,0.25386129032258065
23,0.11939400921658987,0.20503709677419354
total_mean_consumption,3.258782330069124,6.139231850134404
