hour,0,1
0,0.1385866935483871,0.24534767025089607
1,0.11377016129032258,0.20817383512544801
2,0.08925806451612903,0.16854121863799282
3,0.085990234375,0.13170833333333334
4,0.08112096774193549,0.13210035842293907
5,0.08811290322580645,0.11082258064516129
6,0.0834375,0.10858960573476702
7,0.11318548387096775,0.1412688172043011
8,0.16760483870967743,0.240505376344086
9,0.15704637096774193,0.2344462365591398
10,0.15093548387096775,0.23394086021505375
11,0.1456108870967742,0.24856451612903227
12,0.1449959677419355,0.2698853046594982
13,0.1618266129032258,0.33044802867383516
14,0.19833064516129031,0.41629032258064513
15,0.20481048387096773,0.44439247311827956
16,0.154625,0.35989964157706095
17,0.1503850806451613,0.3052939068100359
18,0.1480100806451613,0.30604301075268814
19,0.14251209677419355,0.28345340501792116
20,0.16141129032258064,0.31357168458781365
21,0.18753024193548384,0.394915770609319
22,0.17396370967741936,0.44559318996415764
23,0.1613608870967742,0.3681146953405018
total_mean_consumption,3.4044216859879035,6.441910842293907
