hour,0,1
0,0.12832878787878788,0.21553148148148146
1,0.1145540404040404,0.1877925925925926
2,0.10657626262626262,0.1652611111111111
3,0.09913535353535353,0.14518240740740743
4,0.09721868686868686,0.14675462962962962
5,0.11091060606060607,0.1712712962962963
6,0.17187828282828282,0.23217037037037036
7,0.1593348484848485,0.2623716296296291
8,0.15285252525252527,0.27843651851851653
9,0.16567070707070705,0.2921642962962943
10,0.17800909090909092,0.30778962962962714
11,0.1951429292929293,0.39424333333333084
12,0.2481590909090909,0.4755849999999975
13,0.30312727272727275,0.4616849999999975
14,0.25795656565656566,0.38327507407407263
15,0.2445080808080808,0.3644834074074059
16,0.24027222222222225,0.36434544444444295
17,0.23548232323232324,0.3551318148148143
18,0.22581212121212121,0.36748055555555553
19,0.23800909090909092,0.34797685185185184
20,0.2530318181818182,0.4241731481481481
21,0.23486010101010102,0.4071046296296296
22,0.1933661616161616,0.31428703703703703
23,0.15668485656411765,0.27048039950062425
total_mean_consumption,4.5108818262610875,7.334977658759865
