algoritmo,k,silhouette,calinski_harabasz,davies_bouldin
Agglomerative,4,0.32124120095625075,12.480994365612672,0.7135488209862184
