hour,0,1
0,0.12166662538699691,0.24604758956214065
1,0.10172289547397906,0.1889498746867168
2,0.09226756597375793,0.16569317411174997
3,0.08664036045997346,0.14025121627598408
4,0.08380766917293234,0.10997635264632168
5,0.08581430930266844,0.10863376087277017
6,0.09667536709420611,0.2082076957098629
7,0.1482809737579242,0.4263020197552705
8,0.18065108064278343,0.32136485330974496
9,0.16910784461152883,0.312945463659147
10,0.17271764705882353,0.3362618487394945
11,0.1765923079758219,0.3467232669910056
12,0.2140556811145511,0.39499527052926303
13,0.24701574819401445,0.4385798201385804
14,0.28208386480908154,0.4784109568037728
15,0.22262456582633053,0.40518689075630165
16,0.19528401739643225,0.32754269202417724
17,0.18288224237063247,0.33163806575261684
18,0.20184679419136078,0.3507364293085655
19,0.2518976441102757,0.4369639982308713
20,0.3095184298982751,0.5171750847707504
21,0.24482652366209642,0.5747920094353531
22,0.19023765737874096,0.48135895621406455
23,0.16217750626566416,0.2957245466607696
total_mean_consumption,4.2203953221288515,7.944461836945294
