hour,0,1
0,0.12153473945409429,0.2767459677419355
1,0.10858808933002483,0.20568145161290322
2,0.10100992555831266,0.19097177419354838
3,0.0969863523573201,0.1596733870967742
4,0.09535732009925559,0.15438306451612904
5,0.10740570719602978,0.1734556451612903
6,0.16198138957816377,0.19567741935483873
7,0.14400744416873448,0.22084274193548387
8,0.1601861042183623,0.26018596774193475
9,0.16987593052109182,0.3452262903225799
10,0.1780086848635236,0.43362999999999857
11,0.21563895781637715,0.5309203225806438
12,0.2797803970223325,0.6055574193548372
13,0.27780272952853596,0.714234838709676
14,0.2572059553349876,0.6178195161290309
15,0.22960545905707194,0.6184480645161283
16,0.21099007444168733,0.6387585483870961
17,0.21588709677419354,0.7544879032258065
18,0.22687841191066999,0.7613870967741936
19,0.2201637717121588,0.6593508064516129
20,0.236287841191067,0.5459233870967742
21,0.23898759305210918,0.5005040322580645
22,0.21782630272952852,0.41701612903225804
23,0.15787344913151366,0.3494516129032258
total_mean_consumption,4.429869727047147,10.330333387096763
